{
  "learned": {
    "16": 0.32083332538604736,
    "24": 0.37228259444236755,
    "32": 0.3770161271095276
  },
  "sinusoidal": {
    "16": 0.737500011920929,
    "24": 0.70652174949646,
    "32": 0.6713709831237793
  },
  "rope": {
    "16": 0.8833333253860474,
    "24": 0.8478260636329651,
    "32": 0.8245967626571655
  },
  "alibi": {
    "16": 0.925000011920929,
    "24": 0.8804348111152649,
    "32": 0.875
  },
  "nope": {
    "16": 0.9041666388511658,
    "24": 0.864130437374115,
    "32": 0.8487903475761414
  }
}